question,year,is_test
Please think step by step and carefully consider the context and only output the answer to the questions. What is the 1st year of the 1th president of the United States?,1789,False
Please think step by step and carefully consider the context and only output the answer to the questions. What is the 2nd year of the 1th president of the United States?,1790,False
Please think step by step and carefully consider the context and only output the answer to the questions. What is the 3rd year of the 1th president of the United States?,1791,False
Please think step by step and carefully consider the context and only output the answer to the questions. What is the 4th year of the 1th president of the United States?,1792,True
Please think step by step and carefully consider the context and only output the answer to the questions. What is the 5th year of the 1th president of the United States?,1793,False
Please think step by step and carefully consider the context and only output the answer to the questions. What is the 6th year of the 1th president of the United States?,1794,False
Please think step by step and carefully consider the context and only output the answer to the questions. What is the 7th year of the 1th president of the United States?,1795,False
Please think step by step and carefully consider the context and only output the answer to the questions. What is the 8th year of the 1th president of the United States?,1796,False
Please think step by step and carefully consider the context and only output the answer to the questions. What is the 9th year of the 1th president of the United States?,1797,False
Please think step by step and carefully consider the context and only output the answer to the questions. What is the 1st year of the 2th president of the United States?,1797,False
Please think step by step and carefully consider the context and only output the answer to the questions. What is the 2nd year of the 2th president of the United States?,1798,False
Please think step by step and carefully consider the context and only output the answer to the questions. What is the 3rd year of the 2th president of the United States?,1799,True
Please think step by step and carefully consider the context and only output the answer to the questions. What is the 4th year of the 2th president of the United States?,1800,True
Please think step by step and carefully consider the context and only output the answer to the questions. What is the 5th year of the 2th president of the United States?,1801,True
Please think step by step and carefully consider the context and only output the answer to the questions. What is the 1st year of the 3th president of the United States?,1801,False
Please think step by step and carefully consider the context and only output the answer to the questions. What is the 2nd year of the 3th president of the United States?,1802,True
Please think step by step and carefully consider the context and only output the answer to the questions. What is the 3rd year of the 3th president of the United States?,1803,True
Please think step by step and carefully consider the context and only output the answer to the questions. What is the 4th year of the 3th president of the United States?,1804,False
Please think step by step and carefully consider the context and only output the answer to the questions. What is the 5th year of the 3th president of the United States?,1805,False
Please think step by step and carefully consider the context and only output the answer to the questions. What is the 6th year of the 3th president of the United States?,1806,False
Please think step by step and carefully consider the context and only output the answer to the questions. What is the 7th year of the 3th president of the United States?,1807,False
Please think step by step and carefully consider the context and only output the answer to the questions. What is the 8th year of the 3th president of the United States?,1808,False
Please think step by step and carefully consider the context and only output the answer to the questions. What is the 9th year of the 3th president of the United States?,1809,False
Please think step by step and carefully consider the context and only output the answer to the questions. What is the 1st year of the 4th president of the United States?,1809,True
Please think step by step and carefully consider the context and only output the answer to the questions. What is the 2nd year of the 4th president of the United States?,1810,True
Please think step by step and carefully consider the context and only output the answer to the questions. What is the 3rd year of the 4th president of the United States?,1811,False
Please think step by step and carefully consider the context and only output the answer to the questions. What is the 4th year of the 4th president of the United States?,1812,True
Please think step by step and carefully consider the context and only output the answer to the questions. What is the 5th year of the 4th president of the United States?,1813,False
Please think step by step and carefully consider the context and only output the answer to the questions. What is the 6th year of the 4th president of the United States?,1814,False
Please think step by step and carefully consider the context and only output the answer to the questions. What is the 7th year of the 4th president of the United States?,1815,False
Please think step by step and carefully consider the context and only output the answer to the questions. What is the 8th year of the 4th president of the United States?,1816,False
Please think step by step and carefully consider the context and only output the answer to the questions. What is the 9th year of the 4th president of the United States?,1817,True
Please think step by step and carefully consider the context and only output the answer to the questions. What is the 1st year of the 5th president of the United States?,1817,False
Please think step by step and carefully consider the context and only output the answer to the questions. What is the 2nd year of the 5th president of the United States?,1818,False
Please think step by step and carefully consider the context and only output the answer to the questions. What is the 3rd year of the 5th president of the United States?,1819,False
Please think step by step and carefully consider the context and only output the answer to the questions. What is the 4th year of the 5th president of the United States?,1820,False
Please think step by step and carefully consider the context and only output the answer to the questions. What is the 5th year of the 5th president of the United States?,1821,False
Please think step by step and carefully consider the context and only output the answer to the questions. What is the 6th year of the 5th president of the United States?,1822,False
Please think step by step and carefully consider the context and only output the answer to the questions. What is the 7th year of the 5th president of the United States?,1823,False
Please think step by step and carefully consider the context and only output the answer to the questions. What is the 8th year of the 5th president of the United States?,1824,True
Please think step by step and carefully consider the context and only output the answer to the questions. What is the 9th year of the 5th president of the United States?,1825,True
Please think step by step and carefully consider the context and only output the answer to the questions. What is the 1st year of the 6th president of the United States?,1825,False
Please think step by step and carefully consider the context and only output the answer to the questions. What is the 2nd year of the 6th president of the United States?,1826,False
Please think step by step and carefully consider the context and only output the answer to the questions. What is the 3rd year of the 6th president of the United States?,1827,False
Please think step by step and carefully consider the context and only output the answer to the questions. What is the 4th year of the 6th president of the United States?,1828,True
Please think step by step and carefully consider the context and only output the answer to the questions. What is the 5th year of the 6th president of the United States?,1829,False
Please think step by step and carefully consider the context and only output the answer to the questions. What is the 1st year of the 7th president of the United States?,1829,False
Please think step by step and carefully consider the context and only output the answer to the questions. What is the 2nd year of the 7th president of the United States?,1830,True
Please think step by step and carefully consider the context and only output the answer to the questions. What is the 3rd year of the 7th president of the United States?,1831,False
Please think step by step and carefully consider the context and only output the answer to the questions. What is the 4th year of the 7th president of the United States?,1832,False
Please think step by step and carefully consider the context and only output the answer to the questions. What is the 5th year of the 7th president of the United States?,1833,False
Please think step by step and carefully consider the context and only output the answer to the questions. What is the 6th year of the 7th president of the United States?,1834,False
Please think step by step and carefully consider the context and only output the answer to the questions. What is the 7th year of the 7th president of the United States?,1835,True
Please think step by step and carefully consider the context and only output the answer to the questions. What is the 8th year of the 7th president of the United States?,1836,False
Please think step by step and carefully consider the context and only output the answer to the questions. What is the 9th year of the 7th president of the United States?,1837,False
Please think step by step and carefully consider the context and only output the answer to the questions. What is the 1st year of the 8th president of the United States?,1837,True
Please think step by step and carefully consider the context and only output the answer to the questions. What is the 2nd year of the 8th president of the United States?,1838,False
Please think step by step and carefully consider the context and only output the answer to the questions. What is the 3rd year of the 8th president of the United States?,1839,True
Please think step by step and carefully consider the context and only output the answer to the questions. What is the 4th year of the 8th president of the United States?,1840,False
Please think step by step and carefully consider the context and only output the answer to the questions. What is the 5th year of the 8th president of the United States?,1841,False
Please think step by step and carefully consider the context and only output the answer to the questions. What is the 1st year of the 9th president of the United States?,1841,False
Please think step by step and carefully consider the context and only output the answer to the questions. What is the 1st year of the 10th president of the United States?,1841,False
Please think step by step and carefully consider the context and only output the answer to the questions. What is the 2nd year of the 10th president of the United States?,1842,False
Please think step by step and carefully consider the context and only output the answer to the questions. What is the 3rd year of the 10th president of the United States?,1843,False
Please think step by step and carefully consider the context and only output the answer to the questions. What is the 4th year of the 10th president of the United States?,1844,False
Please think step by step and carefully consider the context and only output the answer to the questions. What is the 5th year of the 10th president of the United States?,1845,False
Please think step by step and carefully consider the context and only output the answer to the questions. What is the 1st year of the 11th president of the United States?,1845,False
Please think step by step and carefully consider the context and only output the answer to the questions. What is the 2nd year of the 11th president of the United States?,1846,True
Please think step by step and carefully consider the context and only output the answer to the questions. What is the 3rd year of the 11th president of the United States?,1847,False
Please think step by step and carefully consider the context and only output the answer to the questions. What is the 4th year of the 11th president of the United States?,1848,False
Please think step by step and carefully consider the context and only output the answer to the questions. What is the 5th year of the 11th president of the United States?,1849,False
Please think step by step and carefully consider the context and only output the answer to the questions. What is the 1st year of the 12th president of the United States?,1849,True
Please think step by step and carefully consider the context and only output the answer to the questions. What is the 2nd year of the 12th president of the United States?,1850,False
Please think step by step and carefully consider the context and only output the answer to the questions. What is the 1st year of the 13th president of the United States?,1850,False
Please think step by step and carefully consider the context and only output the answer to the questions. What is the 2nd year of the 13th president of the United States?,1851,False
Please think step by step and carefully consider the context and only output the answer to the questions. What is the 3rd year of the 13th president of the United States?,1852,False
Please think step by step and carefully consider the context and only output the answer to the questions. What is the 4th year of the 13th president of the United States?,1853,False
Please think step by step and carefully consider the context and only output the answer to the questions. What is the 1st year of the 14th president of the United States?,1853,False
Please think step by step and carefully consider the context and only output the answer to the questions. What is the 2nd year of the 14th president of the United States?,1854,False
Please think step by step and carefully consider the context and only output the answer to the questions. What is the 3rd year of the 14th president of the United States?,1855,False
Please think step by step and carefully consider the context and only output the answer to the questions. What is the 4th year of the 14th president of the United States?,1856,False
Please think step by step and carefully consider the context and only output the answer to the questions. What is the 5th year of the 14th president of the United States?,1857,False
Please think step by step and carefully consider the context and only output the answer to the questions. What is the 1st year of the 15th president of the United States?,1857,False
Please think step by step and carefully consider the context and only output the answer to the questions. What is the 2nd year of the 15th president of the United States?,1858,False
Please think step by step and carefully consider the context and only output the answer to the questions. What is the 3rd year of the 15th president of the United States?,1859,False
Please think step by step and carefully consider the context and only output the answer to the questions. What is the 4th year of the 15th president of the United States?,1860,False
Please think step by step and carefully consider the context and only output the answer to the questions. What is the 5th year of the 15th president of the United States?,1861,True
Please think step by step and carefully consider the context and only output the answer to the questions. What is the 1st year of the 16th president of the United States?,1861,True
Please think step by step and carefully consider the context and only output the answer to the questions. What is the 2nd year of the 16th president of the United States?,1862,True
Please think step by step and carefully consider the context and only output the answer to the questions. What is the 3rd year of the 16th president of the United States?,1863,False
Please think step by step and carefully consider the context and only output the answer to the questions. What is the 4th year of the 16th president of the United States?,1864,False
Please think step by step and carefully consider the context and only output the answer to the questions. What is the 5th year of the 16th president of the United States?,1865,True
Please think step by step and carefully consider the context and only output the answer to the questions. What is the 1st year of the 17th president of the United States?,1865,False
Please think step by step and carefully consider the context and only output the answer to the questions. What is the 2nd year of the 17th president of the United States?,1866,False
Please think step by step and carefully consider the context and only output the answer to the questions. What is the 3rd year of the 17th president of the United States?,1867,False
Please think step by step and carefully consider the context and only output the answer to the questions. What is the 4th year of the 17th president of the United States?,1868,False
Please think step by step and carefully consider the context and only output the answer to the questions. What is the 5th year of the 17th president of the United States?,1869,True
Please think step by step and carefully consider the context and only output the answer to the questions. What is the 1st year of the 18th president of the United States?,1869,True
Please think step by step and carefully consider the context and only output the answer to the questions. What is the 2nd year of the 18th president of the United States?,1870,False
Please think step by step and carefully consider the context and only output the answer to the questions. What is the 3rd year of the 18th president of the United States?,1871,False
Please think step by step and carefully consider the context and only output the answer to the questions. What is the 4th year of the 18th president of the United States?,1872,False
Please think step by step and carefully consider the context and only output the answer to the questions. What is the 5th year of the 18th president of the United States?,1873,True
Please think step by step and carefully consider the context and only output the answer to the questions. What is the 6th year of the 18th president of the United States?,1874,False
Please think step by step and carefully consider the context and only output the answer to the questions. What is the 7th year of the 18th president of the United States?,1875,False
Please think step by step and carefully consider the context and only output the answer to the questions. What is the 8th year of the 18th president of the United States?,1876,False
Please think step by step and carefully consider the context and only output the answer to the questions. What is the 9th year of the 18th president of the United States?,1877,False
Please think step by step and carefully consider the context and only output the answer to the questions. What is the 1st year of the 19th president of the United States?,1877,False
Please think step by step and carefully consider the context and only output the answer to the questions. What is the 2nd year of the 19th president of the United States?,1878,False
Please think step by step and carefully consider the context and only output the answer to the questions. What is the 3rd year of the 19th president of the United States?,1879,True
Please think step by step and carefully consider the context and only output the answer to the questions. What is the 4th year of the 19th president of the United States?,1880,False
Please think step by step and carefully consider the context and only output the answer to the questions. What is the 5th year of the 19th president of the United States?,1881,False
Please think step by step and carefully consider the context and only output the answer to the questions. What is the 1st year of the 20th president of the United States?,1881,True
Please think step by step and carefully consider the context and only output the answer to the questions. What is the 1st year of the 21th president of the United States?,1881,True
Please think step by step and carefully consider the context and only output the answer to the questions. What is the 2nd year of the 21th president of the United States?,1882,False
Please think step by step and carefully consider the context and only output the answer to the questions. What is the 3rd year of the 21th president of the United States?,1883,True
Please think step by step and carefully consider the context and only output the answer to the questions. What is the 4th year of the 21th president of the United States?,1884,False
Please think step by step and carefully consider the context and only output the answer to the questions. What is the 5th year of the 21th president of the United States?,1885,False
Please think step by step and carefully consider the context and only output the answer to the questions. What is the 1st year of the 22th president of the United States?,1885,True
Please think step by step and carefully consider the context and only output the answer to the questions. What is the 2nd year of the 22th president of the United States?,1886,False
Please think step by step and carefully consider the context and only output the answer to the questions. What is the 3rd year of the 22th president of the United States?,1887,True
Please think step by step and carefully consider the context and only output the answer to the questions. What is the 4th year of the 22th president of the United States?,1888,False
Please think step by step and carefully consider the context and only output the answer to the questions. What is the 5th year of the 22th president of the United States?,1889,False
Please think step by step and carefully consider the context and only output the answer to the questions. What is the 1st year of the 23th president of the United States?,1889,False
Please think step by step and carefully consider the context and only output the answer to the questions. What is the 2nd year of the 23th president of the United States?,1890,False
Please think step by step and carefully consider the context and only output the answer to the questions. What is the 3rd year of the 23th president of the United States?,1891,False
Please think step by step and carefully consider the context and only output the answer to the questions. What is the 4th year of the 23th president of the United States?,1892,True
Please think step by step and carefully consider the context and only output the answer to the questions. What is the 5th year of the 23th president of the United States?,1893,False
Please think step by step and carefully consider the context and only output the answer to the questions. What is the 1st year of the 24th president of the United States?,1893,False
Please think step by step and carefully consider the context and only output the answer to the questions. What is the 2nd year of the 24th president of the United States?,1894,False
Please think step by step and carefully consider the context and only output the answer to the questions. What is the 3rd year of the 24th president of the United States?,1895,False
Please think step by step and carefully consider the context and only output the answer to the questions. What is the 4th year of the 24th president of the United States?,1896,False
Please think step by step and carefully consider the context and only output the answer to the questions. What is the 5th year of the 24th president of the United States?,1897,False
Please think step by step and carefully consider the context and only output the answer to the questions. What is the 1st year of the 25th president of the United States?,1897,False
Please think step by step and carefully consider the context and only output the answer to the questions. What is the 2nd year of the 25th president of the United States?,1898,False
Please think step by step and carefully consider the context and only output the answer to the questions. What is the 3rd year of the 25th president of the United States?,1899,False
Please think step by step and carefully consider the context and only output the answer to the questions. What is the 4th year of the 25th president of the United States?,1900,False
Please think step by step and carefully consider the context and only output the answer to the questions. What is the 5th year of the 25th president of the United States?,1901,False
Please think step by step and carefully consider the context and only output the answer to the questions. What is the 1st year of the 26th president of the United States?,1901,True
Please think step by step and carefully consider the context and only output the answer to the questions. What is the 2nd year of the 26th president of the United States?,1902,False
Please think step by step and carefully consider the context and only output the answer to the questions. What is the 3rd year of the 26th president of the United States?,1903,False
Please think step by step and carefully consider the context and only output the answer to the questions. What is the 4th year of the 26th president of the United States?,1904,True
Please think step by step and carefully consider the context and only output the answer to the questions. What is the 5th year of the 26th president of the United States?,1905,False
Please think step by step and carefully consider the context and only output the answer to the questions. What is the 6th year of the 26th president of the United States?,1906,True
Please think step by step and carefully consider the context and only output the answer to the questions. What is the 7th year of the 26th president of the United States?,1907,False
Please think step by step and carefully consider the context and only output the answer to the questions. What is the 8th year of the 26th president of the United States?,1908,False
Please think step by step and carefully consider the context and only output the answer to the questions. What is the 9th year of the 26th president of the United States?,1909,False
Please think step by step and carefully consider the context and only output the answer to the questions. What is the 1st year of the 27th president of the United States?,1909,False
Please think step by step and carefully consider the context and only output the answer to the questions. What is the 2nd year of the 27th president of the United States?,1910,False
Please think step by step and carefully consider the context and only output the answer to the questions. What is the 3rd year of the 27th president of the United States?,1911,False
Please think step by step and carefully consider the context and only output the answer to the questions. What is the 4th year of the 27th president of the United States?,1912,False
Please think step by step and carefully consider the context and only output the answer to the questions. What is the 5th year of the 27th president of the United States?,1913,False
Please think step by step and carefully consider the context and only output the answer to the questions. What is the 1st year of the 28th president of the United States?,1913,False
Please think step by step and carefully consider the context and only output the answer to the questions. What is the 2nd year of the 28th president of the United States?,1914,False
Please think step by step and carefully consider the context and only output the answer to the questions. What is the 3rd year of the 28th president of the United States?,1915,False
Please think step by step and carefully consider the context and only output the answer to the questions. What is the 4th year of the 28th president of the United States?,1916,True
Please think step by step and carefully consider the context and only output the answer to the questions. What is the 5th year of the 28th president of the United States?,1917,False
Please think step by step and carefully consider the context and only output the answer to the questions. What is the 6th year of the 28th president of the United States?,1918,False
Please think step by step and carefully consider the context and only output the answer to the questions. What is the 7th year of the 28th president of the United States?,1919,False
Please think step by step and carefully consider the context and only output the answer to the questions. What is the 8th year of the 28th president of the United States?,1920,False
Please think step by step and carefully consider the context and only output the answer to the questions. What is the 9th year of the 28th president of the United States?,1921,False
Please think step by step and carefully consider the context and only output the answer to the questions. What is the 1st year of the 29th president of the United States?,1921,False
Please think step by step and carefully consider the context and only output the answer to the questions. What is the 2nd year of the 29th president of the United States?,1922,False
Please think step by step and carefully consider the context and only output the answer to the questions. What is the 3rd year of the 29th president of the United States?,1923,False
Please think step by step and carefully consider the context and only output the answer to the questions. What is the 1st year of the 30th president of the United States?,1923,False
Please think step by step and carefully consider the context and only output the answer to the questions. What is the 2nd year of the 30th president of the United States?,1924,False
Please think step by step and carefully consider the context and only output the answer to the questions. What is the 3rd year of the 30th president of the United States?,1925,False
Please think step by step and carefully consider the context and only output the answer to the questions. What is the 4th year of the 30th president of the United States?,1926,False
Please think step by step and carefully consider the context and only output the answer to the questions. What is the 5th year of the 30th president of the United States?,1927,False
Please think step by step and carefully consider the context and only output the answer to the questions. What is the 6th year of the 30th president of the United States?,1928,False
Please think step by step and carefully consider the context and only output the answer to the questions. What is the 7th year of the 30th president of the United States?,1929,False
Please think step by step and carefully consider the context and only output the answer to the questions. What is the 1st year of the 31th president of the United States?,1929,False
Please think step by step and carefully consider the context and only output the answer to the questions. What is the 2nd year of the 31th president of the United States?,1930,False
Please think step by step and carefully consider the context and only output the answer to the questions. What is the 3rd year of the 31th president of the United States?,1931,False
Please think step by step and carefully consider the context and only output the answer to the questions. What is the 4th year of the 31th president of the United States?,1932,False
Please think step by step and carefully consider the context and only output the answer to the questions. What is the 5th year of the 31th president of the United States?,1933,False
Please think step by step and carefully consider the context and only output the answer to the questions. What is the 1st year of the 32th president of the United States?,1933,False
Please think step by step and carefully consider the context and only output the answer to the questions. What is the 2nd year of the 32th president of the United States?,1934,False
Please think step by step and carefully consider the context and only output the answer to the questions. What is the 3rd year of the 32th president of the United States?,1935,False
Please think step by step and carefully consider the context and only output the answer to the questions. What is the 4th year of the 32th president of the United States?,1936,True
Please think step by step and carefully consider the context and only output the answer to the questions. What is the 5th year of the 32th president of the United States?,1937,False
Please think step by step and carefully consider the context and only output the answer to the questions. What is the 6th year of the 32th president of the United States?,1938,False
Please think step by step and carefully consider the context and only output the answer to the questions. What is the 7th year of the 32th president of the United States?,1939,False
Please think step by step and carefully consider the context and only output the answer to the questions. What is the 8th year of the 32th president of the United States?,1940,False
Please think step by step and carefully consider the context and only output the answer to the questions. What is the 9th year of the 32th president of the United States?,1941,False
Please think step by step and carefully consider the context and only output the answer to the questions. What is the 10th year of the 32th president of the United States?,1942,False
Please think step by step and carefully consider the context and only output the answer to the questions. What is the 11th year of the 32th president of the United States?,1943,False
Please think step by step and carefully consider the context and only output the answer to the questions. What is the 12th year of the 32th president of the United States?,1944,True
Please think step by step and carefully consider the context and only output the answer to the questions. What is the 13th year of the 32th president of the United States?,1945,False
Please think step by step and carefully consider the context and only output the answer to the questions. What is the 1st year of the 33th president of the United States?,1945,False
Please think step by step and carefully consider the context and only output the answer to the questions. What is the 2nd year of the 33th president of the United States?,1946,False
Please think step by step and carefully consider the context and only output the answer to the questions. What is the 3rd year of the 33th president of the United States?,1947,False
Please think step by step and carefully consider the context and only output the answer to the questions. What is the 4th year of the 33th president of the United States?,1948,False
Please think step by step and carefully consider the context and only output the answer to the questions. What is the 5th year of the 33th president of the United States?,1949,False
Please think step by step and carefully consider the context and only output the answer to the questions. What is the 6th year of the 33th president of the United States?,1950,False
Please think step by step and carefully consider the context and only output the answer to the questions. What is the 7th year of the 33th president of the United States?,1951,True
Please think step by step and carefully consider the context and only output the answer to the questions. What is the 8th year of the 33th president of the United States?,1952,True
Please think step by step and carefully consider the context and only output the answer to the questions. What is the 9th year of the 33th president of the United States?,1953,False
Please think step by step and carefully consider the context and only output the answer to the questions. What is the 1st year of the 34th president of the United States?,1953,False
Please think step by step and carefully consider the context and only output the answer to the questions. What is the 2nd year of the 34th president of the United States?,1954,False
Please think step by step and carefully consider the context and only output the answer to the questions. What is the 3rd year of the 34th president of the United States?,1955,False
Please think step by step and carefully consider the context and only output the answer to the questions. What is the 4th year of the 34th president of the United States?,1956,False
Please think step by step and carefully consider the context and only output the answer to the questions. What is the 5th year of the 34th president of the United States?,1957,False
Please think step by step and carefully consider the context and only output the answer to the questions. What is the 6th year of the 34th president of the United States?,1958,False
Please think step by step and carefully consider the context and only output the answer to the questions. What is the 7th year of the 34th president of the United States?,1959,False
Please think step by step and carefully consider the context and only output the answer to the questions. What is the 8th year of the 34th president of the United States?,1960,False
Please think step by step and carefully consider the context and only output the answer to the questions. What is the 9th year of the 34th president of the United States?,1961,False
Please think step by step and carefully consider the context and only output the answer to the questions. What is the 1st year of the 35th president of the United States?,1961,True
Please think step by step and carefully consider the context and only output the answer to the questions. What is the 2nd year of the 35th president of the United States?,1962,False
Please think step by step and carefully consider the context and only output the answer to the questions. What is the 3rd year of the 35th president of the United States?,1963,False
Please think step by step and carefully consider the context and only output the answer to the questions. What is the 1st year of the 36th president of the United States?,1963,False
Please think step by step and carefully consider the context and only output the answer to the questions. What is the 2nd year of the 36th president of the United States?,1964,False
Please think step by step and carefully consider the context and only output the answer to the questions. What is the 3rd year of the 36th president of the United States?,1965,False
Please think step by step and carefully consider the context and only output the answer to the questions. What is the 4th year of the 36th president of the United States?,1966,False
Please think step by step and carefully consider the context and only output the answer to the questions. What is the 5th year of the 36th president of the United States?,1967,False
Please think step by step and carefully consider the context and only output the answer to the questions. What is the 6th year of the 36th president of the United States?,1968,True
Please think step by step and carefully consider the context and only output the answer to the questions. What is the 7th year of the 36th president of the United States?,1969,False
Please think step by step and carefully consider the context and only output the answer to the questions. What is the 1st year of the 37th president of the United States?,1969,True
Please think step by step and carefully consider the context and only output the answer to the questions. What is the 2nd year of the 37th president of the United States?,1970,False
Please think step by step and carefully consider the context and only output the answer to the questions. What is the 3rd year of the 37th president of the United States?,1971,False
Please think step by step and carefully consider the context and only output the answer to the questions. What is the 4th year of the 37th president of the United States?,1972,False
Please think step by step and carefully consider the context and only output the answer to the questions. What is the 5th year of the 37th president of the United States?,1973,False
Please think step by step and carefully consider the context and only output the answer to the questions. What is the 6th year of the 37th president of the United States?,1974,False
Please think step by step and carefully consider the context and only output the answer to the questions. What is the 1st year of the 38th president of the United States?,1974,False
Please think step by step and carefully consider the context and only output the answer to the questions. What is the 2nd year of the 38th president of the United States?,1975,False
Please think step by step and carefully consider the context and only output the answer to the questions. What is the 3rd year of the 38th president of the United States?,1976,False
Please think step by step and carefully consider the context and only output the answer to the questions. What is the 4th year of the 38th president of the United States?,1977,False
Please think step by step and carefully consider the context and only output the answer to the questions. What is the 1st year of the 39th president of the United States?,1977,False
Please think step by step and carefully consider the context and only output the answer to the questions. What is the 2nd year of the 39th president of the United States?,1978,False
Please think step by step and carefully consider the context and only output the answer to the questions. What is the 3rd year of the 39th president of the United States?,1979,False
Please think step by step and carefully consider the context and only output the answer to the questions. What is the 4th year of the 39th president of the United States?,1980,True
Please think step by step and carefully consider the context and only output the answer to the questions. What is the 5th year of the 39th president of the United States?,1981,False
Please think step by step and carefully consider the context and only output the answer to the questions. What is the 1st year of the 40th president of the United States?,1981,False
Please think step by step and carefully consider the context and only output the answer to the questions. What is the 2nd year of the 40th president of the United States?,1982,False
Please think step by step and carefully consider the context and only output the answer to the questions. What is the 3rd year of the 40th president of the United States?,1983,False
Please think step by step and carefully consider the context and only output the answer to the questions. What is the 4th year of the 40th president of the United States?,1984,False
Please think step by step and carefully consider the context and only output the answer to the questions. What is the 5th year of the 40th president of the United States?,1985,False
Please think step by step and carefully consider the context and only output the answer to the questions. What is the 6th year of the 40th president of the United States?,1986,False
Please think step by step and carefully consider the context and only output the answer to the questions. What is the 7th year of the 40th president of the United States?,1987,False
Please think step by step and carefully consider the context and only output the answer to the questions. What is the 8th year of the 40th president of the United States?,1988,False
Please think step by step and carefully consider the context and only output the answer to the questions. What is the 9th year of the 40th president of the United States?,1989,False
Please think step by step and carefully consider the context and only output the answer to the questions. What is the 1st year of the 41th president of the United States?,1989,False
Please think step by step and carefully consider the context and only output the answer to the questions. What is the 2nd year of the 41th president of the United States?,1990,False
Please think step by step and carefully consider the context and only output the answer to the questions. What is the 3rd year of the 41th president of the United States?,1991,False
Please think step by step and carefully consider the context and only output the answer to the questions. What is the 4th year of the 41th president of the United States?,1992,False
Please think step by step and carefully consider the context and only output the answer to the questions. What is the 5th year of the 41th president of the United States?,1993,False
Please think step by step and carefully consider the context and only output the answer to the questions. What is the 1st year of the 42th president of the United States?,1993,True
Please think step by step and carefully consider the context and only output the answer to the questions. What is the 2nd year of the 42th president of the United States?,1994,False
Please think step by step and carefully consider the context and only output the answer to the questions. What is the 3rd year of the 42th president of the United States?,1995,False
Please think step by step and carefully consider the context and only output the answer to the questions. What is the 4th year of the 42th president of the United States?,1996,False
Please think step by step and carefully consider the context and only output the answer to the questions. What is the 5th year of the 42th president of the United States?,1997,False
Please think step by step and carefully consider the context and only output the answer to the questions. What is the 6th year of the 42th president of the United States?,1998,False
Please think step by step and carefully consider the context and only output the answer to the questions. What is the 7th year of the 42th president of the United States?,1999,False
Please think step by step and carefully consider the context and only output the answer to the questions. What is the 8th year of the 42th president of the United States?,2000,False
Please think step by step and carefully consider the context and only output the answer to the questions. What is the 9th year of the 42th president of the United States?,2001,True
Please think step by step and carefully consider the context and only output the answer to the questions. What is the 1st year of the 43th president of the United States?,2001,False
Please think step by step and carefully consider the context and only output the answer to the questions. What is the 2nd year of the 43th president of the United States?,2002,False
Please think step by step and carefully consider the context and only output the answer to the questions. What is the 3rd year of the 43th president of the United States?,2003,False
Please think step by step and carefully consider the context and only output the answer to the questions. What is the 4th year of the 43th president of the United States?,2004,False
Please think step by step and carefully consider the context and only output the answer to the questions. What is the 5th year of the 43th president of the United States?,2005,True
Please think step by step and carefully consider the context and only output the answer to the questions. What is the 6th year of the 43th president of the United States?,2006,False
Please think step by step and carefully consider the context and only output the answer to the questions. What is the 7th year of the 43th president of the United States?,2007,False
Please think step by step and carefully consider the context and only output the answer to the questions. What is the 8th year of the 43th president of the United States?,2008,False
Please think step by step and carefully consider the context and only output the answer to the questions. What is the 9th year of the 43th president of the United States?,2009,False
Please think step by step and carefully consider the context and only output the answer to the questions. What is the 1st year of the 44th president of the United States?,2009,False
Please think step by step and carefully consider the context and only output the answer to the questions. What is the 2nd year of the 44th president of the United States?,2010,False
Please think step by step and carefully consider the context and only output the answer to the questions. What is the 3rd year of the 44th president of the United States?,2011,False
Please think step by step and carefully consider the context and only output the answer to the questions. What is the 4th year of the 44th president of the United States?,2012,False
Please think step by step and carefully consider the context and only output the answer to the questions. What is the 5th year of the 44th president of the United States?,2013,False
Please think step by step and carefully consider the context and only output the answer to the questions. What is the 6th year of the 44th president of the United States?,2014,True
Please think step by step and carefully consider the context and only output the answer to the questions. What is the 7th year of the 44th president of the United States?,2015,False
Please think step by step and carefully consider the context and only output the answer to the questions. What is the 8th year of the 44th president of the United States?,2016,False
Please think step by step and carefully consider the context and only output the answer to the questions. What is the 9th year of the 44th president of the United States?,2017,True
Please think step by step and carefully consider the context and only output the answer to the questions. What is the 1st year of the 45th president of the United States?,2017,False
Please think step by step and carefully consider the context and only output the answer to the questions. What is the 2nd year of the 45th president of the United States?,2018,False
Please think step by step and carefully consider the context and only output the answer to the questions. What is the 3rd year of the 45th president of the United States?,2019,False
Please think step by step and carefully consider the context and only output the answer to the questions. What is the 4th year of the 45th president of the United States?,2020,False
Please think step by step and carefully consider the context and only output the answer to the questions. What is the 5th year of the 45th president of the United States?,2021,False
